cell,repetition,applied,assertion_evaluations,available_routers,destination_analyses,failed_assertions,id,incomplete_assertions,max_ecmp_width,next_hop_references,processing_ns,retained_snapshots,route_entries,steady_rss_bytes
sparse-small-16,0,False,1,16,1,0,baseline,0,4,38,50416,0,32,2818048
sparse-small-16,0,True,1,16,1,1,event-1,0,2,18,30166,1,16,2981888
sparse-small-16,0,True,1,16,1,0,event-2,0,4,38,29250,2,32,3080192
sparse-small-16,0,True,1,16,1,1,event-3,0,2,18,21458,3,16,3129344
sparse-small-16,0,True,1,16,1,0,event-4,0,4,38,22125,4,32,3227648
sparse-small-16,0,True,1,15,1,1,event-5,0,4,18,20875,5,15,3325952
sparse-small-16,0,True,1,16,1,0,event-6,0,4,38,20707,6,32,3424256
sparse-small-16,0,False,1,16,1,0,event-7,0,4,38,19874,7,32,3440640
sparse-small-16,0,False,1,16,1,0,event-8,0,4,38,20625,8,32,3506176
sparse-small-16,1,False,1,16,1,0,baseline,0,4,38,45124,0,32,2785280
sparse-small-16,1,True,1,16,1,1,event-1,0,2,18,30709,1,16,2949120
sparse-small-16,1,True,1,16,1,0,event-2,0,4,38,28583,2,32,3096576
sparse-small-16,1,True,1,16,1,1,event-3,0,2,18,24334,3,16,3162112
sparse-small-16,1,True,1,16,1,0,event-4,0,4,38,22166,4,32,3227648
sparse-small-16,1,True,1,15,1,1,event-5,0,4,18,21499,5,15,3293184
sparse-small-16,1,True,1,16,1,0,event-6,0,4,38,20458,6,32,3407872
sparse-small-16,1,False,1,16,1,0,event-7,0,4,38,19833,7,32,3457024
sparse-small-16,1,False,1,16,1,0,event-8,0,4,38,21000,8,32,3522560
sparse-small-16,2,False,1,16,1,0,baseline,0,4,38,44208,0,32,2801664
sparse-small-16,2,True,1,16,1,1,event-1,0,2,18,28083,1,16,2916352
sparse-small-16,2,True,1,16,1,0,event-2,0,4,38,25500,2,32,3031040
sparse-small-16,2,True,1,16,1,1,event-3,0,2,18,21709,3,16,3096576
sparse-small-16,2,True,1,16,1,0,event-4,0,4,38,22292,4,32,3194880
sparse-small-16,2,True,1,15,1,1,event-5,0,4,18,20083,5,15,3244032
sparse-small-16,2,True,1,16,1,0,event-6,0,4,38,19501,6,32,3342336
sparse-small-16,2,False,1,16,1,0,event-7,0,4,38,18959,7,32,3375104
sparse-small-16,2,False,1,16,1,0,event-8,0,4,38,18583,8,32,3424256
sparse-small-16,3,False,1,16,1,0,baseline,0,4,38,47917,0,32,2834432
sparse-small-16,3,True,1,16,1,1,event-1,0,2,18,31000,1,16,2998272
sparse-small-16,3,True,1,16,1,0,event-2,0,4,38,27499,2,32,3096576
sparse-small-16,3,True,1,16,1,1,event-3,0,2,18,22583,3,16,3145728
sparse-small-16,3,True,1,16,1,0,event-4,0,4,38,23792,4,32,3244032
sparse-small-16,3,True,1,15,1,1,event-5,0,4,18,21500,5,15,3358720
sparse-small-16,3,True,1,16,1,0,event-6,0,4,38,19000,6,32,3440640
sparse-small-16,3,False,1,16,1,0,event-7,0,4,38,19792,7,32,3457024
sparse-small-16,3,False,1,16,1,0,event-8,0,4,38,20583,8,32,3522560
sparse-small-16,4,False,1,16,1,0,baseline,0,4,38,46541,0,32,2736128
sparse-small-16,4,True,1,16,1,1,event-1,0,2,18,31084,1,16,2932736
sparse-small-16,4,True,1,16,1,0,event-2,0,4,38,28875,2,32,3080192
sparse-small-16,4,True,1,16,1,1,event-3,0,2,18,24083,3,16,3178496
sparse-small-16,4,True,1,16,1,0,event-4,0,4,38,21374,4,32,3244032
sparse-small-16,4,True,1,15,1,1,event-5,0,4,18,21041,5,15,3325952
sparse-small-16,4,True,1,16,1,0,event-6,0,4,38,20250,6,32,3375104
sparse-small-16,4,False,1,16,1,0,event-7,0,4,38,19333,7,32,3457024
sparse-small-16,4,False,1,16,1,0,event-8,0,4,38,19917,8,32,3538944
