cell,repetition,mode,status,exit_code,cli_ns,core_ns,simulation_ns,result_sha256
sparse-small-16,0,instrumented,complete,1,6689583,235496,2687917,ce0a05177ae188f507893d20b18e74ee413ed0a8d84d2411fd03fbb3177b63f7
sparse-small-16,0,cli,complete,1,6753833,,2712125,ce0a05177ae188f507893d20b18e74ee413ed0a8d84d2411fd03fbb3177b63f7
sparse-small-16,1,instrumented,complete,1,6813166,233706,2693458,ce0a05177ae188f507893d20b18e74ee413ed0a8d84d2411fd03fbb3177b63f7
sparse-small-16,1,cli,complete,1,5956958,,2672708,ce0a05177ae188f507893d20b18e74ee413ed0a8d84d2411fd03fbb3177b63f7
sparse-small-16,2,instrumented,complete,1,6715583,218918,2642625,ce0a05177ae188f507893d20b18e74ee413ed0a8d84d2411fd03fbb3177b63f7
sparse-small-16,2,cli,complete,1,6033000,,2731709,ce0a05177ae188f507893d20b18e74ee413ed0a8d84d2411fd03fbb3177b63f7
sparse-small-16,3,instrumented,complete,1,6671209,233666,2723708,ce0a05177ae188f507893d20b18e74ee413ed0a8d84d2411fd03fbb3177b63f7
sparse-small-16,3,cli,complete,1,6037000,,2677500,ce0a05177ae188f507893d20b18e74ee413ed0a8d84d2411fd03fbb3177b63f7
sparse-small-16,4,instrumented,complete,1,6655459,232498,2742459,ce0a05177ae188f507893d20b18e74ee413ed0a8d84d2411fd03fbb3177b63f7
sparse-small-16,4,cli,complete,1,6107792,,2684958,ce0a05177ae188f507893d20b18e74ee413ed0a8d84d2411fd03fbb3177b63f7
