cell,repetition,applied,assertion_evaluations,available_routers,destination_analyses,failed_assertions,id,incomplete_assertions,max_ecmp_width,next_hop_references,processing_ns,retained_snapshots,route_entries,steady_rss_bytes
sparse-small-16,0,False,1,16,1,0,baseline,0,4,38,48208,0,32,2736128
sparse-small-16,0,True,1,16,1,1,event-1,0,2,18,31416,1,16,2834432
sparse-small-16,0,True,1,16,1,0,event-2,0,4,38,31375,2,32,3014656
sparse-small-16,0,True,1,16,1,1,event-3,0,2,18,24291,3,16,3047424
sparse-small-16,0,True,1,16,1,0,event-4,0,4,38,25791,4,32,3129344
sparse-small-16,0,True,1,15,1,1,event-5,0,4,18,22250,5,15,3194880
sparse-small-16,0,True,1,16,1,0,event-6,0,4,38,23792,6,32,3375104
sparse-small-16,0,False,1,16,1,0,event-7,0,4,38,35333,7,32,3457024
sparse-small-16,0,False,1,16,1,0,event-8,0,4,38,79500,8,32,3506176
sparse-small-16,1,False,1,16,1,0,baseline,0,4,38,47667,0,32,2785280
sparse-small-16,1,True,1,16,1,1,event-1,0,2,18,29959,1,16,2850816
sparse-small-16,1,True,1,16,1,0,event-2,0,4,38,29542,2,32,2965504
sparse-small-16,1,True,1,16,1,1,event-3,0,2,18,25249,3,16,3031040
sparse-small-16,1,True,1,16,1,0,event-4,0,4,38,26583,4,32,3112960
sparse-small-16,1,True,1,15,1,1,event-5,0,4,18,22583,5,15,3227648
sparse-small-16,1,True,1,16,1,0,event-6,0,4,38,21459,6,32,3342336
sparse-small-16,1,False,1,16,1,0,event-7,0,4,38,21875,7,32,3440640
sparse-small-16,1,False,1,16,1,0,event-8,0,4,38,20417,8,32,3489792
sparse-small-16,2,False,1,16,1,0,baseline,0,4,38,96459,0,32,2768896
sparse-small-16,2,True,1,16,1,1,event-1,0,2,18,105958,1,16,2965504
sparse-small-16,2,True,1,16,1,0,event-2,0,4,38,33875,2,32,3162112
sparse-small-16,2,True,1,16,1,1,event-3,0,2,18,26458,3,16,3244032
sparse-small-16,2,True,1,16,1,0,event-4,0,4,38,23083,4,32,3293184
sparse-small-16,2,True,1,15,1,1,event-5,0,4,18,23041,5,15,3424256
sparse-small-16,2,True,1,16,1,0,event-6,0,4,38,21709,6,32,3506176
sparse-small-16,2,False,1,16,1,0,event-7,0,4,38,20833,7,32,3555328
sparse-small-16,2,False,1,16,1,0,event-8,0,4,38,19958,8,32,3637248
sparse-small-16,3,False,1,16,1,0,baseline,0,4,38,52750,0,32,2752512
sparse-small-16,3,True,1,16,1,1,event-1,0,2,18,34250,1,16,2834432
sparse-small-16,3,True,1,16,1,0,event-2,0,4,38,34542,2,32,3014656
sparse-small-16,3,True,1,16,1,1,event-3,0,2,18,25292,3,16,3063808
sparse-small-16,3,True,1,16,1,0,event-4,0,4,38,27249,4,32,3145728
sparse-small-16,3,True,1,15,1,1,event-5,0,4,18,23750,5,15,3211264
sparse-small-16,3,True,1,16,1,0,event-6,0,4,38,21833,6,32,3358720
sparse-small-16,3,False,1,16,1,0,event-7,0,4,38,22083,7,32,3424256
sparse-small-16,3,False,1,16,1,0,event-8,0,4,38,20042,8,32,3473408
sparse-small-16,4,False,1,16,1,0,baseline,0,4,38,47834,0,32,2719744
sparse-small-16,4,True,1,16,1,1,event-1,0,2,18,32041,1,16,2850816
sparse-small-16,4,True,1,16,1,0,event-2,0,4,38,30417,2,32,2998272
sparse-small-16,4,True,1,16,1,1,event-3,0,2,18,24249,3,16,3096576
sparse-small-16,4,True,1,16,1,0,event-4,0,4,38,21750,4,32,3162112
sparse-small-16,4,True,1,15,1,1,event-5,0,4,18,20791,5,15,3260416
sparse-small-16,4,True,1,16,1,0,event-6,0,4,38,20501,6,32,3325952
sparse-small-16,4,False,1,16,1,0,event-7,0,4,38,19707,7,32,3424256
sparse-small-16,4,False,1,16,1,0,event-8,0,4,38,19500,8,32,3506176
