cell,repetition,mode,status,exit_code,cli_ns,core_ns,simulation_ns,result_sha256
sparse-small-16,0,instrumented,complete,1,11357250,321956,4176583,ce0a05177ae188f507893d20b18e74ee413ed0a8d84d2411fd03fbb3177b63f7
sparse-small-16,0,cli,complete,1,14111500,,5828750,ce0a05177ae188f507893d20b18e74ee413ed0a8d84d2411fd03fbb3177b63f7
sparse-small-16,1,instrumented,complete,1,8553709,245334,3241792,ce0a05177ae188f507893d20b18e74ee413ed0a8d84d2411fd03fbb3177b63f7
sparse-small-16,1,cli,complete,1,10038792,,5086000,ce0a05177ae188f507893d20b18e74ee413ed0a8d84d2411fd03fbb3177b63f7
sparse-small-16,2,instrumented,complete,1,9923500,371374,3394917,ce0a05177ae188f507893d20b18e74ee413ed0a8d84d2411fd03fbb3177b63f7
sparse-small-16,2,cli,complete,1,9270833,,3002916,ce0a05177ae188f507893d20b18e74ee413ed0a8d84d2411fd03fbb3177b63f7
sparse-small-16,3,instrumented,complete,1,7615167,261791,2833542,ce0a05177ae188f507893d20b18e74ee413ed0a8d84d2411fd03fbb3177b63f7
sparse-small-16,3,cli,complete,1,6735500,,3024792,ce0a05177ae188f507893d20b18e74ee413ed0a8d84d2411fd03fbb3177b63f7
sparse-small-16,4,instrumented,complete,1,7172334,236790,2726916,ce0a05177ae188f507893d20b18e74ee413ed0a8d84d2411fd03fbb3177b63f7
sparse-small-16,4,cli,complete,1,13071250,,5463709,ce0a05177ae188f507893d20b18e74ee413ed0a8d84d2411fd03fbb3177b63f7
